<?xml version="1.0" encoding="UTF-8"?>
<project-private xmlns="http://www.netbeans.org/ns/project-private/1">
    <editor-bookmarks xmlns="http://www.netbeans.org/ns/editor-bookmarks/2" lastBookmarkId="0"/>
    <open-files xmlns="http://www.netbeans.org/ns/projectui-open-files/2">
        <group>
            <file>file:/C:/Users/user/Desktop/Project/ProjectT2/src/java/UpdateInfo.java</file>
            <file>file:/C:/Users/user/Desktop/Project/ProjectT2/web/update.jsp</file>
            <file>file:/C:/Users/user/Desktop/Project/ProjectT2/src/java/LoginValidate.java</file>
            <file>file:/C:/Users/user/Desktop/Project/ProjectT2/web/WEB-INF/web.xml</file>
        </group>
    </open-files>
</project-private>
